Time [ms], Neuron ID
1,609
1,453
1,474
1,161
2,672
2,612
2,764
2,788
2,357
3,358
3,572
3,88
3,719
4,461
4,349
4,403
5,707
5,547
6,36
6,294
6,101
6,123
6,616
7,484
7,635
7,89
7,270
8,725
8,21
8,202
8,99
8,625
8,565
8,183
9,439
9,749
9,129
9,134
9,483
9,213
10,591
10,594
10,686
10,156
10,275
11,333
11,486
11,490
11,555
11,3
11,187
12,604
12,467
12,340
12,296
13,110
13,63
13,221
13,267
13,18
14,219
14,709
14,66
14,93
15,194
15,195
15,345
15,681
16,726
16,253
16,327
16,343
16,144
17,55
17,592
17,476
17,396
17,398
17,85
17,162
18,694
18,495
18,723
18,62
18,291
18,86
18,610
18,665
18,752
18,758
19,401
19,172
20,42
20,630
20,416
20,347
20,460
21,299
21,384
21,760
21,286
21,163
21,663
21,667
22,602
22,124
22,670
23,632
23,637
23,638
23,550
23,728
23,735
23,739
23,257
23,798
23,182
24,579
24,127
24,369
25,33
25,449
25,457
25,689
25,373
25,220
25,278
25,768
26,153
26,95
27,710
27,46
27,53
27,482
27,701
27,748
27,750
27,237
27,214
27,298
28,543
28,72
28,598
28,510
28,324
28,561
29,22
29,283
30,436
30,607
30,674
30,409
31,499
31,8
31,268
31,563
31,570
32,249
32,541
32,618
33,344
33,505
33,75
33,258
34,11
34,649
35,207
35,112
35,360
35,263
36,582
36,501
36,472
36,526
36,103
36,148
36,361
37,619
37,627
37,295
37,697
37,389
37,178
37,662
38,524
38,38
38,399
38,794
38,611
38,682
38,377
38,379
38,160
39,724
39,492
39,427
39,442
39,577
39,1
39,408
39,544
39,646
40,753
41,52
41,335
41,215
41,216
41,645
42,404
42,79
42,640
43,59
43,118
44,511
44,628
44,276
44,740
44,656
45,585
45,44
45,293
45,513
45,532
45,777
45,362
45,371
45,174
45,185
46,617
46,485
46,146
46,243
47,692
47,151
47,82
48,332
48,578
48,574
48,703
48,84
48,634
48,386
48,647
49,507
49,141
49,265
49,773
50,497
50,297
50,515
50,530
50,147
50,783
50,259
50,558
50,168
50,171
51,341
51,342
51,391
51,519
51,717
51,238
51,564
51,772
51,27
51,181
51,189
52,608
52,509
52,718
52,122
52,328
52,700
52,197
52,26
52,517
52,531
52,659
53,114
53,323
53,326
53,554
53,571
53,131
53,736
53,405
54,493
54,159
54,426
54,255
54,779
54,277
54,287
54,573
55,588
55,218
55,691
55,458
55,459
55,560
55,226
55,236
55,302
55,319
55,660
55,170
56,734
56,590
56,233
56,797
56,529
56,488
56,140
56,684
56,30
56,308
57,39
57,109
57,433
57,374
57,536
57,313
57,247
57,587
57,601
57,622
57,157
57,473
57,173
57,668
58,128
58,246
58,685
58,652
59,329
59,438
59,443
59,78
59,316
59,393
59,746
59,641
60,35
60,498
60,502
60,445
60,791
60,698
60,376
61,720
61,378
61,688
61,747
61,651
62,500
62,113
62,61
62,654
63,325
63,603
63,150
63,568
63,354
64,785
64,12
64,312
65,704
65,58
65,402
65,191
65,749
66,98
66,762
66,330
66,448
66,522
66,537
66,145
66,790
66,705
66,712
67,490
67,203
67,282
67,462
67,123
67,648
68,429
68,742
68,138
68,352
68,256
69,116
69,605
69,304
69,315
69,699
69,221
69,761
70,192
70,23
70,542
70,465
70,305
70,365
70,415
70,190
71,743
71,461
71,395
71,32
71,539
71,540
71,382
71,132
71,307
71,673
72,636
72,719
72,228
72,68
72,417
72,0
72,514
72,411
72,754
73,13
73,14
73,240
73,358
73,368
73,741
73,759
73,676
74,34
74,756
74,464
74,474
74,65
74,658
75,37
75,714
75,716
75,244
75,252
75,254
75,661
75,686
75,16
76,49
76,54
76,771
76,774
76,491
76,281
76,400
76,655
76,310
77,738
77,144
77,784
78,576
78,2
78,235
78,74
79,466
79,467
79,677
79,424
79,364
79,528
80,36
80,51
80,766
80,105
80,253
80,20
80,516
80,518
80,432
80,359
80,273
80,275
80,403
81,727
81,231
81,198
82,21
82,508
82,222
82,111
82,71
82,384
82,669
82,752
83,99
83,678
83,418
83,708
83,43
83,55
83,782
83,789
83,555
84,613
84,452
84,475
84,477
84,436
84,535
84,135
84,562
84,179
85,615
85,621
85,421
85,211
85,33
85,76
85,715
85,284
85,506
86,219
86,6
86,288
86,455
86,334
86,764
86,557
86,366
86,369
86,177
87,623
87,729
87,430
87,413
87,311
87,383
87,186
88,581
88,46
88,56
88,566
88,139
88,643
88,786
88,398
89,606
89,317
89,224
89,696
89,526
89,533
89,66
89,70
89,775
89,164
89,644
89,657
90,196
90,19
90,290
90,480
90,97
90,245
90,470
90,478
90,799
90,89
91,416
91,385
91,345
92,60
92,487
92,262
92,559
92,561
92,666
93,337
93,347
93,156
93,158
93,567
93,172
93,279
94,607
94,679
94,693
94,120
94,124
94,425
94,5
94,9
94,29
94,468
94,635
94,270
94,663
94,667
95,121
95,340
95,639
95,795
95,225
95,40
95,42
95,257
96,633
96,453
96,463
96,512
96,73
96,200
96,318
96,665
97,336
97,351
97,4
97,104
97,625
97,695
97,793
98,523
98,81
98,630
98,162
98,229
99,723
99,406
99,57
99,118
99,85
100,63
100,768
100,1
100,217
100,285
101,624
101,10
101,726
101,687
101,570
101,69
101,93
101,777
102,629
102,420
102,301
102,234
102,134
102,372
102,86
102,642
102,662
103,735
103,471
103,194
103,206
103,776
103,175
103,178
104,439
104,753
104,586
104,572
104,769
104,534
104,728
104,83
104,397
104,638
104,160
104,169
104,248
104,251
105,291
105,592
105,22
105,757
105,428
105,447
105,96
105,619
105,689
105,136
105,492
106,553
106,748
106,760
107,272
107,556
108,710
108,532
108,656
109,212
110,129
110,185
111,3
111,342
111,620
111,551
112,442
112,604
112,260
113,153
113,444
113,79
114,600
114,701
114,8
114,541
114,751
114,772
114,787
114,184
115,505
115,322
115,767
115,578
115,379
115,268
115,649
116,346
116,593
116,427
116,128
116,25
116,618
116,67
117,349
117,674
118,794
118,122
118,127
118,521
118,263
118,664
119,59
119,348
119,482
119,100
119,749
119,78
119,298
120,434
120,486
120,510
120,457
120,472
120,680
120,692
120,548
120,174
121,26
121,82
121,583
121,503
121,283
122,332
122,103
122,125
122,236
122,547
122,159
123,718
123,511
123,255
123,691
123,456
123,168
124,713
124,725
124,39
124,328
124,584
124,628
124,276
124,220
124,101
124,293
124,308
124,165
124,167
124,647
125,24
125,360
125,603
125,490
125,509
125,259
125,280
125,161
125,405
126,588
126,724
126,343
126,622
126,265
127,717
127,391
127,299
127,530
127,790
127,791
127,237
128,634
128,536
128,473
128,294
128,313
128,671
129,637
129,27
129,109
129,38
129,147
129,736
130,730
130,297
130,304
130,497
130,123
130,740
130,376
130,651
131,502
131,401
131,249
131,672
131,684
131,151
131,747
131,640
131,646
132,493
132,215
132,758
133,479
133,319
133,246
133,513
133,531
133,357
133,218
134,744
134,142
134,407
134,610
134,686
134,700
134,779
135,485
135,48
135,374
135,226
135,568
136,438
136,705
136,35
136,233
136,329
136,278
136,362
136,365
136,371
136,652
136,388
137,552
137,560
137,564
137,543
137,275
137,207
137,213
137,221
137,14
137,402
137,773
138,683
138,702
138,498
138,500
138,110
138,114
138,426
138,18
138,515
138,519
138,459
138,632
138,573
138,274
139,325
139,761
139,544
139,119
139,404
139,354
139,12
139,84
140,688
140,429
140,738
140,627
140,0
140,88
140,358
140,393
140,654
140,668
141,62
141,386
141,335
141,341
141,448
141,685
141,95
141,361
141,659
142,209
142,707
142,417
142,539
142,36
142,601
143,598
143,11
143,690
143,201
143,462
144,58
144,709
144,98
144,227
144,673
144,750
144,617
144,30
144,312
144,316
144,415
144,645
145,734
145,55
145,602
145,116
145,741
145,529
145,445
145,378
145,682
145,195
146,203
146,17
146,507
146,514
146,302
146,309
146,117
146,412
147,389
147,798
147,140
147,146
147,303
147,277
147,173
148,37
148,326
148,458
148,424
148,582
148,759
148,363
148,21
148,694
148,408
148,190
149,323
149,605
149,484
149,433
149,522
149,762
149,235
149,141
149,145
149,384
149,23
150,742
150,243
150,315
150,465
150,367
150,176
151,704
151,719
151,611
151,192
151,398
151,144
151,590
151,563
151,754
151,644
151,703
152,250
152,43
152,780
152,157
152,2
152,550
152,571
152,395
153,32
153,540
153,112
153,238
153,247
153,352
153,214
153,661
154,421
154,537
154,20
154,310
154,256
154,400
154,737
155,494
155,764
155,231
155,170
156,436
156,508
156,675
156,33
156,228
156,648
157,377
157,137
157,138
157,150
157,171
157,13
158,676
158,677
158,295
158,766
158,555
158,282
158,286
159,720
159,223
159,387
159,54
159,187
160,416
160,526
160,273
160,467
161,345
161,353
161,382
161,739
161,752
162,491
162,42
162,782
162,797
162,90
163,350
163,474
163,156
163,158
163,71
164,466
164,28
164,383
164,191
165,61
165,716
165,356
165,397
166,130
166,619
166,621
166,46
166,232
166,334
166,219
166,783
166,567
167,615
167,638
167,225
167,252
167,777
167,557
167,743
167,650
168,73
168,89
168,721
168,727
168,164
168,655
168,663
168,669
168,450
169,607
169,625
169,368
169,574
169,411
169,656
169,657
169,774
170,461
170,476
170,561
171,443
171,455
171,475
171,518
171,118
171,77
171,789
171,667
171,172
171,178
171,180
171,181
171,369
172,729
172,99
172,284
173,289
173,559
173,403
173,660
173,768
173,771
174,697
174,495
174,132
174,51
174,29
174,108
174,449
174,784
175,487
175,342
175,595
175,775
175,288
175,296
176,580
176,428
176,689
176,56
176,392
176,723
176,662
177,506
177,468
177,307
177,336
177,216
177,572
177,575
177,364
177,785
177,65
177,281
177,189
178,770
178,786
178,799
179,696
179,291
180,83
180,790
180,270
180,317
180,464
181,340
181,52
181,9
181,113
181,755
181,692
181,499
181,258
181,772
182,533
182,735
182,480
182,74
182,666
183,4
183,516
183,542
183,93
184,472
184,198
184,301
185,634
185,19
185,596
185,293
186,124
186,128
186,70
186,85
186,162
187,50
187,240
187,695
187,5
188,57
188,492
188,111
188,636
188,749
189,6
189,633
189,635
190,624
190,75
190,647
191,196
191,490
191,337
191,431
191,757
191,96
191,78
191,86
191,267
191,276
192,747
192,1
192,210
192,314
193,581
193,234
193,521
194,794
194,603
194,255
194,123
194,686
194,562
194,188
195,629
195,328
195,39
195,706
195,726
195,528
195,126
196,736
196,63
196,498
196,733
196,622
196,630
196,311
196,160
197,435
197,447
197,587
197,304
197,700
197,791
197,793
198,290
198,418
198,420
198,588
198,756
198,560
198,566
199,121
199,513
199,166
200,578
200,592
200,473
200,527
200,531
200,134
200,409
200,169
201,710
201,327
201,576
201,259
201,263
201,406
201,509
201,665
202,679
202,325
202,393
202,405
203,66
203,131
203,12
203,297
204,606
204,753
204,423
204,153
204,372
204,175
204,79
204,82
205,344
205,72
205,35
205,59
205,313
205,16
205,22
206,535
206,427
206,55
206,413
206,688
207,628
207,442
207,391
207,649
207,163
208,444
208,493
208,262
208,272
209,244
209,318
209,347
209,748
209,399
209,497
210,483
210,532
210,159
210,585
210,438
210,441
210,713
210,257
210,185
210,651
210,652
211,323
211,402
211,308
211,536
211,0
211,740
212,249
212,699
212,215
212,515
212,410
212,670
212,573
213,27
213,378
213,457
213,218
213,275
214,38
214,7
214,329
214,618
214,359
214,376
214,265
214,277
215,488
215,203
215,456
215,365
215,558
216,58
216,502
216,144
216,701
216,283
217,584
217,346
217,105
217,417
217,708
217,366
217,553
217,781
217,795
218,343
218,510
218,44
218,229
218,140
218,445
218,517
218,524
218,534
218,174
218,659
219,341
219,351
219,500
219,122
219,381
219,462
220,436
220,714
220,724
220,459
220,767
220,14
220,220
221,246
221,253
221,95
221,208
221,514
221,362
222,759
222,526
222,715
222,380
222,658
223,511
223,590
223,522
223,529
223,539
223,360
223,383
223,109
223,116
223,141
223,298
223,274
224,593
224,213
224,479
224,421
224,125
224,127
224,678
224,305
224,742
224,644
224,646
225,602
225,496
225,358
225,682
225,773
225,168
225,285
225,752
226,333
226,349
226,478
226,598
226,691
227,620
227,503
227,508
227,194
227,433
227,583
227,103
228,424
228,440
228,627
228,224
228,231
228,237
228,530
228,398
228,401
229,434
229,30
229,104
229,371
229,374
229,641
229,645
230,202
230,133
230,148
230,623
230,426
230,33
230,564
231,477
231,698
231,42
231,316
232,601
232,484
232,683
232,31
232,764
232,546
233,408
233,727
233,299
233,512
233,777
233,354
233,379
233,677
233,84
234,439
234,118
234,120
234,541
234,467
234,738
234,741
234,15
234,191
235,613
235,616
235,673
235,703
235,728
235,404
235,151
235,20
235,25
236,227
236,491
236,717
236,322
236,260
236,179
236,648
237,619
237,310
237,145
237,157
237,684
237,561
237,663
238,201
238,219
238,23
238,315
238,319
238,142
238,384
238,287
238,772
238,761
239,221
239,577
239,719
239,720
239,155
239,661
239,668
239,465
239,29
240,788
240,548
240,550
240,407
241,430
241,617
241,760
241,342
241,452
241,690
241,271
241,278
241,173
242,482
242,485
242,599
242,216
242,704
242,429
242,156
242,32
242,36
242,60
242,669
242,352
242,76
242,749
243,48
243,416
243,466
243,386
243,397
243,403
243,571
243,361
244,2
244,625
244,570
245,113
245,451
245,472
245,235
245,214
245,544
245,779
246,21
246,428
246,685
246,158
246,549
246,474
247,88
247,247
247,54
247,790
247,640
247,642
248,762
248,559
248,519
248,172
249,330
249,345
249,291
249,132
249,187
249,647
250,51
250,768
250,470
250,557
250,171
251,61
251,787
252,674
252,90
252,251
252,369
252,332
252,786
252,655
253,117
253,46
253,458
253,161
253,490
254,1
254,293
254,607
254,71
254,74
254,226
254,228
254,574
254,656
255,692
255,375
255,783
255,93
256,252
256,750
256,542
256,498
256,667
257,603
257,709
257,276
257,212
257,650
258,289
258,312
258,150
259,622
259,89
259,518
259,784
259,789
259,448
260,85
260,377
260,782
260,791
260,200
260,114
260,189
261,531
261,128
261,178
261,608
261,284
261,238
261,8
262,317
262,614
263,686
263,634
263,196
263,236
263,580
263,475
263,415
263,19
263,28
263,770
263,798
264,138
264,494
264,582
264,700
264,5
264,26
264,99
264,192
264,336
264,392
264,302
264,307
265,432
265,636
265,723
265,513
265,255
265,567
265,506
265,507
265,765
265,281
265,797
265,799
265,662
265,190
266,697
266,718
266,393
266,461
266,338
266,747
267,449
267,225
267,181
268,243
268,395
268,270
269,621
269,326
269,334
269,739
269,471
269,78
269,254
269,256
269,170
269,180
269,560
270,696
270,207
270,528
270,297
270,743
270,660
270,164
271,716
271,83
271,505
271,774
271,257
271,736
272,705
272,535
272,687
272,325
272,388
272,286
272,654
273,100
273,101
273,328
273,40
273,734
273,70
273,265
273,794
273,480
274,4
274,241
274,443
274,304
274,766
274,695
274,367
274,775
274,568
275,39
275,63
275,464
275,123
275,288
276,710
276,712
276,55
276,492
276,638
277,605
277,606
277,308
277,633
277,12
277,35
277,726
277,96
277,137
277,149
277,744
277,499
277,771
277,268
278,497
278,49
278,412
278,476
278,551
278,301
278,263
279,98
279,382
279,146
279,740
279,555
280,526
280,203
280,340
280,290
281,735
281,442
281,159
281,13
282,487
282,341
282,43
282,52
282,264
282,69
282,175
283,205
283,318
283,275
283,651
284,785
284,438
284,445
285,344
285,147
285,376
286,725
286,217
286,400
286,402
286,629
286,75
286,353
286,368
287,502
287,222
287,359
288,234
288,65
288,532
288,329
288,360
288,624
288,649
289,323
289,337
289,455
289,745
289,672
289,493
289,666
290,107
290,753
291,724
291,237
291,324
291,303
291,358
292,59
292,533
292,682
292,9
292,185
293,18
293,579
293,581
293,105
293,611
293,233
293,529
293,680
293,573
293,406
293,510
294,436
294,122
294,413
294,516
294,558
294,176
295,483
295,44
295,22
295,514
295,778
295,169
295,658
296,721
296,33
296,37
296,118
296,418
296,447
296,134
296,628
296,199
296,389
296,391
296,405
296,411
296,314
296,767
297,0
297,594
297,50
297,373
297,457
297,462
297,467
297,523
297,174
297,759
298,509
298,56
298,135
298,27
298,378
298,547
299,576
299,398
299,477
299,738
299,140
299,295
299,379
299,277
299,188
299,657
300,707
300,124
300,781
300,426
300,213
300,221
300,473
300,627
300,11
300,645
300,742
300,183
301,584
301,6
301,689
301,522
301,761
302,342
302,111
302,116
302,384
302,246
302,249
302,166
302,168
303,619
303,590
303,795
304,82
304,777
304,437
304,315
304,282
305,433
305,694
305,652
306,444
306,508
306,465
306,587
306,776
306,273
307,34
307,313
308,749
308,588
308,530
308,534
308,68
309,127
309,292
309,215
309,165
310,727
310,537
310,673
310,153
310,355
310,365
311,625
311,688
311,536
311,593
311,772
311,661
312,500
312,151
312,478
312,764
313,631
313,586
313,472
313,643
313,665
314,717
314,453
314,468
314,685
314,572
315,515
315,566
315,684
315,741
315,752
316,441
316,66
316,79
316,703
316,310
316,386
317,54
317,322
317,350
317,512
317,369
317,561
318,316
318,129
318,591
318,439
318,67
318,95
318,667
319,126
319,36
319,559
319,569
319,540
319,543
319,790
319,266
320,343
320,351
320,86
320,538
320,371
320,450
320,158
320,17
320,293
320,751
320,247
320,692
320,659
321,713
321,103
321,346
321,424
321,525
321,565
321,773
321,786
321,262
321,276
321,178
322,198
322,416
322,417
322,434
322,253
322,291
322,488
322,498
322,539
322,120
322,81
322,704
322,131
322,333
322,548
322,283
322,191
322,663
323,345
323,490
323,132
323,403
323,311
323,7
323,20
323,756
324,714
324,104
324,117
324,244
324,128
324,335
324,630
324,21
324,29
324,564
324,272
324,702
324,356
324,312
324,644
324,648
325,421
325,428
325,623
325,93
325,298
325,156
325,229
325,683
325,757
325,768
325,641
326,678
326,691
326,601
326,57
326,571
326,366
326,383
326,669
327,610
327,599
327,206
327,25
327,748
328,482
328,511
328,598
328,245
328,521
328,332
328,138
328,14
328,463
328,280
329,299
329,319
329,728
329,259
329,162
329,784
329,642
329,647
329,655
330,799
331,427
331,531
331,747
331,157
331,603
331,231
331,172
331,668
332,136
332,696
332,348
332,592
333,622
333,48
333,210
333,216
333,219
334,607
334,720
334,218
334,570
334,656
334,362
335,723
335,632
335,123
335,578
335,142
335,235
335,252
335,791
335,553
335,2
336,195
336,141
336,690
336,364
337,76
337,110
337,121
337,513
337,12
338,762
338,55
338,144
339,251
339,101
339,1
339,354
340,84
340,699
340,701
340,542
340,223
340,159
340,113
340,297
340,304
341,719
341,334
341,526
341,148
341,192
341,171
342,19
342,42
342,604
342,352
342,461
342,640
343,161
344,634
344,26
344,203
344,393
344,401
345,46
345,307
345,257
346,23
346,420
346,440
346,491
346,517
346,677
346,639
346,374
346,260
346,189
347,735
347,448
347,560
347,567
347,265
348,497
348,698
348,519
348,150
348,415
348,74
348,85
349,686
349,700
349,459
349,716
349,89
350,63
350,325
350,475
350,479
350,562
350,376
350,646
351,492
351,710
351,61
351,328
351,518
351,528
351,155
351,228
351,760
351,662
352,606
352,323
352,109
352,154
352,551
352,187
353,635
353,456
353,308
353,429
353,327
353,726
353,535
353,377
353,164
354,715
354,618
354,782
354,794
354,145
354,267
355,31
355,326
355,200
355,729
355,263
356,227
356,33
356,100
356,395
356,397
357,708
357,114
357,342
357,408
357,196
357,30
357,270
357,170
358,679
358,494
358,237
358,238
358,466
358,718
358,32
358,736
358,574
358,185
358,651
359,485
359,507
359,695
359,226
359,236
359,739
359,163
360,329
360,502
360,35
360,361
361,347
361,38
361,49
361,248
361,709
361,787
361,758
361,78
361,83
361,207
361,368
362,638
362,221
362,462
362,474
362,337
362,341
362,294
362,301
362,360
362,771
362,797
362,541
363,600
363,40
363,384
363,470
363,620
363,255
363,317
363,318
363,378
363,381
363,208
363,8
363,174
364,336
364,436
364,438
364,51
364,62
364,275
364,197
364,214
364,615
364,379
364,399
364,160
364,724
365,349
365,443
365,529
365,532
365,242
365,467
365,357
365,358
365,367
365,682
365,277
365,568
365,402
365,649
365,743
365,777
365,783
366,734
366,39
366,56
366,250
366,621
366,742
366,766
367,96
367,433
367,442
367,645
367,660
367,533
368,140
368,418
368,445
368,772
368,605
368,13
368,286
368,287
368,288
368,90
368,740
368,759
368,353
369,3
369,296
369,738
369,750
369,249
369,137
369,505
369,285
369,412
370,224
370,6
370,149
370,394
370,410
370,118
370,426
370,65
370,382
370,749
371,625
371,44
371,544
371,573
371,0
372,506
372,583
372,27
372,628
372,779
372,753
372,70
373,588
373,536
373,359
373,413
373,658
373,493
374,509
374,122
374,212
374,514
374,404
374,798
374,380
374,75
374,555
375,582
375,398
375,41
375,52
375,246
375,619
375,693
376,741
376,707
376,392
376,303
377,487
377,697
377,590
377,225
377,409
377,785
378,302
378,60
378,465
378,471
378,473
378,158
379,727
379,480
379,510
379,284
379,557
379,168
380,82
380,88
380,43
380,447
380,477
380,105
381,688
381,179
381,391
381,790
382,689
382,637
382,561
383,633
383,498
383,603
383,22
383,28
383,98
383,789
383,516
384,550
384,194
384,232
384,247
384,10
384,396
384,667
384,178
385,58
385,147
385,490
385,773
385,554
386,116
386,215
386,666
387,761
387,452
387,472
387,636
387,293
387,661
388,36
388,50
388,233
388,211
388,421
388,746
388,764
389,602
389,128
389,291
389,549
389,786
389,767
390,684
390,692
390,576
390,5
390,449
390,134
390,157
390,405
390,67
390,572
390,190
390,191
390,652
390,665
391,34
391,53
391,725
391,500
391,213
391,455
391,464
391,139
391,371
391,95
391,256
391,559
392,416
392,579
392,754
392,484
392,515
392,531
392,103
392,319
393,54
393,335
393,94
393,276
393,659
394,584
394,112
394,345
394,59
394,770
394,153
395,601
395,20
395,539
395,66
395,747
395,752
395,647
396,577
396,151
396,281
396,218
396,234
397,430
397,305
397,343
397,617
397,530
397,132
397,499
397,71
397,768
397,776
397,375
398,627
398,592
398,99
398,290
398,297
398,298
398,316
398,712
398,198
398,201
398,478
398,424
398,1
398,278
398,176
399,351
399,476
399,717
399,757
399,127
399,691
399,694
399,703
399,643
400,595
400,48
400,534
400,2
400,15
401,686
401,363
401,374
401,663
402,11
402,18
402,330
402,566
402,129
402,131
402,733
403,14
403,450
403,723
403,366
403,432
403,253
403,304
403,79
403,84
403,513
403,581
403,788
403,791
403,548
403,642
403,173
404,97
404,411
405,37
405,417
405,444
405,101
405,124
405,313
405,542
405,571
405,656
406,110
406,19
406,29
406,231
406,522
406,388
406,144
406,159
407,216
408,720
408,721
408,4
408,669
409,607
409,634
409,719
409,400
410,784
410,762
411,63
411,644
412,74
412,700
412,383
412,630
412,283
413,441
413,12
413,252
413,217
413,560
413,567
414,150
414,537
414,89
414,162
415,21
415,123
415,376
416,728
416,586
417,604
417,292
417,308
417,245
418,203
418,312
418,448
418,138
418,68
419,55
419,696
419,439
419,219
419,25
419,310
420,155
420,42
420,775
421,113
421,735
421,459
421,650
421,165
422,705
422,745
422,415
423,329
423,342
423,598
423,365
423,526
423,141
423,17
424,704
424,716
424,240
424,794
424,328
424,161
424,384
424,307
425,126
425,618
425,685
425,698
425,140
425,668
426,622
426,235
426,244
426,474
426,535
426,156
426,564
426,282
427,624
427,632
427,118
427,221
427,369
427,377
427,772
427,655
428,482
428,587
428,467
428,265
428,289
429,393
429,495
429,475
429,268
430,33
430,35
430,657
431,461
431,440
431,255
431,690
432,85
432,578
432,589
432,420
432,438
432,344
432,200
432,749
433,625
433,492
433,462
433,673
433,196
433,220
433,378
433,280
433,164
434,323
434,336
434,780
434,262
434,172
434,654
435,340
435,51
435,491
435,358
435,519
435,538
435,687
435,180
435,189
435,651
436,795
436,596
437,325
437,332
437,288
437,427
437,502
437,402
437,403
437,406
438,0
438,251
438,777
439,488
439,699
439,341
439,580
439,597
439,532
439,547
439,171
440,635
440,726
440,46
440,243
440,679
440,695
440,121
440,257
441,32
441,226
441,508
441,701
441,270
442,443
442,497
442,389
442,96
442,237
442,347
442,674
442,677
442,174
443,610
443,249
443,433
443,401
443,72
443,782
443,759
443,561
444,638
444,793
444,326
444,524
444,739
444,742
444,275
444,170
445,442
445,536
445,111
445,710
445,505
445,269
445,736
445,646
445,648
445,662
446,603
446,606
446,498
446,715
446,38
446,553
447,507
447,136
447,368
447,774
448,418
448,436
448,445
448,39
448,456
448,327
448,209
448,318
448,398
449,3
449,594
449,61
449,724
449,741
449,379
449,399
449,783
450,485
450,317
450,799
450,277
450,78
450,688
450,570
451,692
451,62
451,600
451,708
451,518
451,472
451,208
451,247
451,158
451,558
451,667
452,56
452,590
452,339
452,509
452,142
452,743
452,361
452,386
452,86
452,169
453,608
453,619
453,315
453,57
453,490
453,114
453,521
453,214
453,352
453,27
453,771
453,168
453,640
454,30
454,133
454,738
454,465
454,557
454,364
454,83
454,682
455,514
455,740
455,689
455,359
455,258
455,178
456,483
456,429
456,192
456,334
456,512
456,758
456,314
456,647
456,649
457,52
457,787
457,362
457,285
458,10
458,592
458,137
458,426
458,466
458,529
458,541
458,391
458,641
459,337
459,82
459,93
459,299
460,727
460,588
460,544
460,573
460,228
461,333
461,756
461,199
461,187
461,790
462,428
462,513
462,523
462,530
462,145
462,353
462,766
463,350
463,434
463,752
463,479
463,360
463,146
463,19
464,531
464,747
464,760
464,556
464,246
464,785
464,218
464,413
465,421
465,582
465,215
465,66
465,540
465,23
465,132
465,276
465,405
465,409
465,786
465,666
466,493
466,477
466,293
466,70
466,568
467,686
467,583
467,13
467,238
467,75
467,753
467,767
467,370
467,555
467,395
467,645
468,500
468,36
468,348
468,301
468,313
469,718
469,620
469,351
469,224
469,424
469,678
469,680
469,198
469,6
469,661
470,349
470,637
470,71
470,572
471,396
471,748
471,576
471,607
471,569
471,304
471,147
471,271
471,659
472,515
472,709
472,206
472,468
472,470
472,295
472,297
472,374
472,670
472,761
473,713
473,481
473,109
473,122
473,128
473,232
473,90
473,263
473,764
473,1
473,2
473,658
473,664
474,194
474,26
474,50
474,412
474,516
474,371
474,95
475,108
475,533
475,234
475,408
475,410
475,683
475,703
475,157
475,751
475,376
475,551
476,526
476,706
476,9
476,20
476,222
476,322
476,754
477,602
477,416
477,105
477,151
477,159
477,274
477,14
478,506
478,291
478,144
478,599
478,471
478,723
478,185
479,417
479,480
479,729
479,48
479,560
479,116
479,259
479,287
479,539
479,308
479,354
479,768
479,22
479,28
480,528
480,616
480,335
480,422
480,447
480,693
480,770
480,791
480,562
480,478
480,67
480,383
481,601
481,732
481,356
481,684
481,757
481,549
481,574
481,656
481,665
481,190
482,210
482,221
482,98
482,342
482,236
482,542
482,789
482,278
482,84
482,644
483,29
483,384
483,719
483,76
483,79
483,691
484,700
484,343
484,591
484,571
484,127
484,213
484,286
484,311
485,581
485,103
485,118
485,722
485,138
485,153
485,211
485,484
485,266
485,366
485,773
486,223
486,7
486,633
486,373
486,97
486,123
486,448
486,473
486,517
486,534
487,510
487,430
487,328
487,63
487,74
487,676
487,704
487,382
487,310
487,319
487,134
487,284
487,175
487,191
487,663
488,720
488,104
488,227
488,772
488,798
488,193
488,203
488,643
488,669
488,302
489,345
489,451
489,781
489,797
489,160
490,44
490,81
490,749
491,487
491,584
491,201
491,40
491,54
491,292
491,5
491,281
491,762
492,627
492,58
492,329
492,219
492,369
492,140
492,25
493,330
493,338
493,156
493,283
494,628
494,716
494,110
494,55
494,12
494,255
494,69
494,88
494,567
495,106
495,357
495,272
496,734
496,49
496,564
496,275
496,312
496,655
497,306
497,16
497,21
497,265
497,660
498,726
498,446
498,231
499,618
499,728
499,461
499,365
500,33
500,60
500,603
500,522
500,257
500,652
501,35
501,622
501,149
501,794
501,651
502,593
502,436
502,415
502,777
502,85
503,31
503,235
503,467
503,393
503,404
504,46
504,358
505,102
505,43
505,606
505,237
505,68
505,427
505,455
505,179
506,579
506,491
506,725
506,244
506,438
506,535
506,742
507,196
507,205
507,498
507,636
507,475
507,131
507,733
507,677
507,604
508,705
508,336
508,341
508,0
508,745
508,161
509,712
509,474
509,613
509,561
509,668
510,497
510,251
510,114
510,120
510,325
510,536
510,30
510,150
510,402
510,459
511,444
511,124
511,697
511,290
511,316
511,163
511,174
512,735
512,502
512,347
512,268
512,397
512,220
512,648
513,323
513,433
513,100
513,457
513,65
513,692
513,267
513,183
513,492
513,388
514,625
514,634
514,200
514,113
514,253
514,537
514,56
514,135
514,270
514,744
514,166
515,440
515,472
515,685
515,559
516,439
516,736
516,247
516,578
516,598
516,452
517,326
517,605
517,367
517,696
518,673
518,488
518,509
518,42
518,378
518,262
518,553
518,649
518,667
519,32
519,34
519,514
519,647
520,61
520,795
520,437
520,442
520,630
520,317
520,642
521,717
521,462
521,465
521,400
521,406
521,78
521,784
521,550
522,443
522,456
522,790
522,83
522,189
523,775
524,707
524,490
524,59
524,779
524,214
524,738
524,619
524,73
524,379
524,391
524,398
524,411
524,698
525,119
525,252
525,532
525,453
525,464
525,132
525,741
525,93
525,361
525,672
525,687
525,508
525,557
525,641
526,101
526,403
526,702
526,623
526,164
527,11
527,41
527,394
527,458
527,154
527,573
527,293
527,307
527,178
527,186
528,233
528,769
528,418
528,426
528,740
528,566
528,303
528,273
528,640
529,445
529,512
529,128
530,27
530,505
530,592
530,121
530,346
531,504
531,594
531,686
531,82
532,782
532,122
532,301
532,226
533,315
533,99
533,513
533,277
533,217
533,662
534,727
534,518
534,173
534,568
535,334
535,340
535,38
535,731
535,530
535,225
535,249
535,158
535,799
535,759
536,500
536,590
536,596
536,600
536,793
536,218
536,172
536,385
537,327
537,753
537,724
537,256
537,276
537,170
538,39
538,308
538,314
538,786
538,372
538,75
539,772
539,547
539,529
539,758
539,228
539,288
540,53
540,169
541,607
541,144
541,405
541,631
541,3
542,635
542,123
542,141
543,506
543,51
543,212
543,313
543,180
543,776
544,36
544,368
544,570
545,756
545,337
545,523
546,689
546,229
546,710
546,656
547,721
547,610
547,6
547,666
548,57
548,466
548,417
548,19
548,352
548,546
549,55
549,198
549,526
549,70
550,638
550,428
550,791
550,674
550,162
551,328
551,577
551,624
551,516
551,449
551,137
551,157
551,246
551,766
552,203
552,771
552,138
552,17
552,548
552,66
553,126
553,14
553,588
553,304
553,311
553,525
553,560
553,575
553,129
553,155
553,695
553,659
554,621
554,723
554,291
554,297
554,416
554,778
554,375
554,376
554,187
555,715
555,749
555,760
555,243
555,684
555,408
555,118
555,362
555,544
555,554
555,318
555,285
556,482
556,429
556,342
556,345
556,543
556,216
556,552
556,371
556,374
556,171
557,421
557,519
557,13
557,661
558,8
558,333
558,192
558,582
558,89
558,620
558,542
558,134
558,730
559,96
559,787
559,644
559,353
559,275
559,747
560,224
560,773
560,477
560,194
560,767
560,260
560,1
561,351
561,463
561,71
561,413
561,263
562,601
562,485
562,424
562,783
562,370
562,284
562,762
563,629
563,603
563,476
563,29
563,384
563,420
563,571
563,366
564,611
564,494
564,159
564,567
564,319
564,377
565,238
565,716
565,480
565,739
565,750
565,541
565,2
565,574
565,383
565,79
565,94
565,777
565,788
566,694
566,5
566,7
566,704
566,213
566,343
566,478
566,515
566,539
566,743
566,768
567,332
567,493
567,498
567,531
567,112
567,752
567,235
567,153
567,257
567,651
567,310
568,764
568,499
568,215
568,393
569,103
569,358
569,364
569,389
569,785
570,4
570,18
570,436
570,115
570,136
570,140
570,329
570,774
570,669
571,90
571,95
571,336
571,63
571,255
571,116
571,365
571,185
571,191
571,564
571,670
572,84
572,207
572,221
572,521
572,48
572,350
572,142
572,654
573,580
573,109
573,54
573,703
574,40
574,467
574,540
574,386
574,789
574,572
575,719
575,232
575,663
576,434
576,219
576,23
576,700
576,98
576,665
576,88
576,322
576,325
577,33
577,35
577,12
577,127
577,688
577,283
578,37
578,395
578,535
578,145
578,790
578,648
579,618
579,258
579,20
579,30
580,761
580,111
580,349
580,85
580,190
581,25
581,196
581,240
581,490
582,699
582,497
582,726
582,619
582,634
582,382
582,652
583,691
583,701
583,409
583,360
583,148
583,265
584,718
584,113
584,536
584,323
584,330
584,461
584,9
584,69
585,46
585,585
585,270
585,686
586,427
586,622
586,676
586,690
586,697
586,479
586,797
586,278
587,628
587,222
587,728
587,533
587,398
587,561
587,647
588,425
588,742
588,128
588,174
589,625
589,584
589,513
589,236
589,147
589,195
589,459
589,474
589,475
589,738
589,645
590,598
590,606
590,502
590,201
590,220
590,293
590,415
590,514
590,796
590,68
590,83
591,735
591,491
591,397
591,581
591,587
591,692
591,472
592,56
592,439
592,602
592,448
592,391
592,290
592,305
592,378
593,592
593,754
593,683
593,685
593,335
593,400
593,156
593,168
593,667
594,720
594,646
595,341
595,492
595,402
595,245
595,522
595,298
595,316
595,259
596,712
596,780
596,748
596,679
596,309
597,705
597,576
597,509
597,636
597,247
597,450
597,0
597,274
597,641
597,655
598,495
598,677
598,468
598,363
598,517
598,729
598,734
598,794
598,795
598,244
598,573
598,179
599,709
599,122
599,61
599,404
599,27
599,473
599,745
599,649
599,662
600,714
600,511
600,105
600,772
600,456
600,199
600,361
600,277
600,740
600,189
600,302
600,660
601,457
601,32
601,227
601,532
601,558
602,42
602,308
602,158
602,237
602,483
602,510
602,399
602,578
602,369
602,379
602,78
602,267
602,281
602,282
602,177
603,124
603,347
603,682
603,445
603,736
603,757
603,93
603,249
603,272
603,188
603,668
604,591
604,432
604,149
604,555
605,317
605,444
605,462
605,471
605,241
605,253
605,530
605,262
605,559
605,161
606,717
606,114
606,426
606,630
606,44
606,269
606,65
606,656
607,550
608,234
608,465
608,21
608,741
609,49
609,500
609,433
609,146
609,608
609,354
609,403
609,412
610,447
610,301
610,673
610,613
610,160
611,62
611,411
611,666
612,710
612,727
612,775
612,151
612,292
613,228
613,254
613,150
613,749
613,508
614,607
614,132
614,157
614,117
614,286
615,22
615,313
616,442
616,52
616,779
616,680
616,689
616,16
616,408
616,312
617,14
617,74
617,251
617,529
617,759
618,627
618,708
618,328
618,337
618,384
618,82
618,560
619,334
619,342
619,344
619,488
619,557
619,417
619,438
619,583
619,588
619,43
619,55
619,60
619,275
619,297
619,118
620,226
620,658
621,306
621,123
621,534
621,276
622,144
622,246
622,526
622,528
622,288
623,498
623,203
623,73
623,287
623,747
623,566
624,239
624,453
624,570
624,86
624,352
624,164
625,604
625,707
625,231
625,178
625,799
626,633
626,405
626,464
626,553
626,273
627,1
627,250
627,770
627,786
628,252
628,503
628,506
628,393
628,291
629,723
629,172
630,605
630,487
630,19
630,76
630,376
631,724
631,773
631,777
631,311
631,319
632,635
632,678
632,96
632,211
632,304
633,418
633,430
633,762
633,531
633,36
633,548
633,392
633,221
633,70
633,798
634,39
634,51
634,155
634,289
634,763
634,421
634,89
635,345
635,54
635,208
635,359
635,135
635,95
635,790
635,791
636,35
636,140
636,141
636,452
636,478
636,674
636,615
636,623
636,166
636,176
636,233
637,582
637,639
637,329
637,225
637,368
637,571
637,771
638,486
638,75
638,538
638,539
638,271
638,650
638,663
639,603
639,446
639,766
639,767
639,110
639,367
639,703
639,216
639,642
640,715
640,490
640,782
640,103
640,470
640,542
640,424
640,136
640,138
640,672
640,383
640,669
641,12
641,429
641,684
641,263
641,66
641,84
641,752
641,215
641,784
642,629
642,351
642,595
643,436
643,336
643,634
643,725
644,696
644,134
644,5
644,631
645,59
645,507
645,99
645,101
645,323
645,175
645,191
646,218
646,364
646,326
646,549
646,180
646,651
647,484
647,564
648,33
648,50
648,466
648,512
648,524
648,331
648,340
648,128
648,388
648,567
648,171
649,4
649,568
649,768
649,686
650,600
650,535
650,413
650,159
650,374
650,79
650,169
651,235
651,310
652,753
652,776
652,458
652,474
652,81
653,371
653,716
653,472
653,536
653,401
653,688
654,416
654,691
654,731
655,320
655,772
655,515
655,527
655,6
656,797
656,513
656,248
656,640
657,625
657,13
657,733
657,467
657,265
658,209
658,217
658,315
658,325
658,719
659,121
659,518
659,644
660,38
660,497
660,505
660,192
660,194
660,739
660,751
661,735
661,516
661,198
661,400
661,406
661,257
661,647
662,619
662,628
662,728
662,349
662,270
662,742
662,755
662,544
662,643
662,659
663,485
663,2
663,196
663,514
663,142
663,285
663,378
664,618
664,332
664,541
665,443
665,98
665,327
665,78
665,726
665,562
665,572
665,362
665,129
665,475
665,654
665,738
665,743
665,764
665,787
666,761
666,207
666,573
666,30
666,592
666,415
666,162
666,163
666,187
666,420
666,427
666,224
666,255
666,652
666,661
666,662
666,622
666,632
666,343
667,598
667,491
667,502
667,219
667,398
667,97
667,789
667,795
667,522
667,278
667,648
667,667
668,145
668,519
668,551
668,584
668,29
668,473
668,760
668,358
668,290
668,165
669,704
669,636
669,347
669,236
669,127
669,455
669,477
669,308
669,389
669,750
669,206
669,71
669,0
669,11
669,26
669,365
669,655
669,181
670,200
670,749
670,122
670,299
670,402
670,700
670,556
670,69
670,83
670,88
670,665
671,42
671,56
671,64
671,249
671,379
671,690
671,692
671,561
671,461
671,318
672,48
672,579
672,434
672,14
672,28
672,360
672,174
672,268
673,295
673,509
673,533
673,148
673,547
673,386
673,361
673,185
674,620
674,602
674,433
674,46
674,537
674,157
674,158
674,366
674,450
675,492
675,409
675,448
675,214
676,526
676,530
676,228
676,237
676,718
676,55
676,61
676,590
676,294
676,284
676,788
676,454
676,462
676,357
676,656
676,668
676,170
677,638
677,607
677,123
677,65
677,341
677,342
677,456
677,705
677,482
677,748
677,220
678,794
678,277
679,606
680,153
680,545
680,275
680,27
680,395
681,9
681,20
681,58
681,296
681,316
681,149
681,272
681,646
682,37
682,334
682,471
682,283
683,32
683,23
683,247
683,532
683,303
683,369
683,384
683,168
684,727
684,479
684,682
684,399
684,649
684,660
685,428
685,447
685,62
685,267
686,601
686,498
686,1
686,710
686,712
686,212
686,156
686,540
686,741
686,747
686,382
686,90
687,588
687,394
687,397
687,297
687,151
687,253
687,736
687,550
688,677
688,553
689,465
689,391
689,203
689,783
689,189
690,695
690,617
690,106
690,144
691,396
691,146
691,25
692,114
692,758
692,759
692,221
693,213
693,132
693,555
693,262
694,493
694,707
694,438
694,105
694,126
694,231
694,63
694,552
694,740
695,118
695,610
695,393
695,685
695,476
695,445
695,304
695,717
695,757
696,480
696,508
696,111
696,774
696,348
696,18
696,188
697,603
697,621
697,329
697,74
697,82
697,95
697,124
697,301
697,35
697,377
697,531
698,49
698,17
698,21
698,251
698,94
698,282
699,417
699,3
699,583
699,230
699,793
699,293
699,319
700,521
700,227
700,335
700,140
700,96
700,663
701,288
702,34
702,43
702,120
702,693
702,729
703,694
703,488
703,560
703,67
703,256
703,19
704,322
704,528
704,215
704,291
704,161
705,426
705,10
705,569
705,244
705,500
705,777
705,791
705,276
706,302
706,529
706,635
707,732
707,405
707,580
707,442
707,234
707,93
707,383
707,178
707,754
708,709
708,734
708,328
708,133
708,72
708,311
708,666
709,463
709,673
709,138
709,752
709,73
709,172
710,697
710,698
710,510
710,634
710,424
710,354
710,548
710,641
710,645
711,323
711,44
711,459
711,630
711,543
711,286
711,790
711,799
711,701
712,238
712,54
712,771
712,773
712,264
712,449
712,7
712,669
713,724
713,625
713,345
713,116
713,226
713,229
713,467
713,222
713,762
713,658
713,160
713,499
714,101
714,408
714,785
715,201
715,70
715,134
715,258
716,702
716,12
716,587
716,263
716,137
716,246
716,104
717,312
717,370
717,786
717,260
718,723
718,496
718,753
718,33
718,298
718,581
718,686
718,564
718,570
718,575
719,689
719,703
719,436
719,542
719,225
719,240
719,725
719,368
719,159
719,191
719,474
720,708
720,252
720,51
720,605
720,109
721,333
721,713
721,536
721,141
721,768
721,775
722,688
722,218
722,52
722,135
722,136
722,155
722,566
723,629
723,39
723,57
723,362
723,544
723,171
724,103
724,472
724,559
724,307
724,358
725,371
725,89
725,265
725,679
725,487
725,403
726,198
726,490
726,40
727,346
727,349
727,687
727,209
727,313
727,85
728,578
728,429
728,280
728,557
728,739
729,167
729,772
730,208
730,36
730,797
730,622
730,457
730,281
730,651
731,735
731,16
731,561
731,177
732,484
732,421
732,749
732,567
733,636
733,84
733,440
733,684
733,784
733,647
734,308
734,310
734,365
734,374
735,464
735,468
735,491
735,507
735,123
735,128
735,147
735,798
735,305
735,259
735,270
736,150
736,506
736,782
736,592
736,375
736,376
736,317
736,68
736,398
736,190
737,330
737,5
737,615
737,515
737,674
737,696
737,742
737,86
737,720
737,380
737,413
737,164
737,789
737,792
738,439
738,766
738,719
738,388
738,512
738,79
738,279
739,524
739,381
739,582
739,157
739,571
739,174
740,495
740,535
740,228
740,235
740,577
740,66
740,385
740,169
741,420
741,42
741,700
741,513
741,219
742,325
742,486
742,8
742,14
742,125
742,604
742,401
742,415
742,795
742,477
742,359
742,662
742,573
743,0
743,416
743,113
743,539
743,242
743,691
743,787
743,300
744,99
744,591
744,475
744,522
744,526
744,530
744,314
744,568
744,656
744,664
745,497
745,743
745,626
745,255
745,667
746,514
746,533
746,586
746,716
746,619
746,627
746,633
746,338
746,341
746,352
747,613
747,433
747,494
747,46
747,455
747,243
747,410
747,650
747,692
747,590
747,781
747,289
747,1
748,704
748,761
748,121
748,257
748,384
749,609
749,748
749,254
749,158
749,81
749,644
749,665
750,680
750,511
750,233
750,122
750,315
750,411
750,755
750,760
750,779
750,360
750,668
751,336
751,221
751,611
751,2
751,237
751,71
751,353
752,618
752,48
752,55
752,498
752,192
752,710
752,98
752,738
752,6
752,275
753,114
753,444
753,197
753,461
753,683
753,393
753,796
754,576
754,726
754,332
754,342
754,216
754,443
754,531
754,144
754,156
754,479
755,593
755,236
755,200
755,78
755,747
755,652
756,492
756,503
756,326
756,274
756,372
757,30
757,297
757,639
757,517
757,337
757,347
757,148
757,551
757,502
758,598
758,699
758,56
758,61
758,153
758,763
758,563
758,379
758,168
759,628
759,603
759,607
759,427
759,466
759,469
759,534
759,767
759,249
759,268
759,655
760,776
760,518
760,756
760,277
761,59
761,485
761,532
761,471
761,304
761,306
761,69
761,75
762,715
762,661
762,283
763,194
763,648
764,783
764,316
764,640
764,663
765,248
765,82
765,173
766,142
766,163
766,740
767,399
767,448
767,562
768,35
768,750
768,718
768,478
768,214
768,634
768,22
768,25
768,175
769,329
769,508
769,118
769,705
769,183
769,790
770,447
770,319
770,389
770,391
770,180
771,400
771,777
771,19
771,162
771,642
772,369
772,106
772,293
772,402
773,638
773,83
773,20
773,541
773,196
774,602
774,251
774,364
774,685
775,355
775,299
775,727
775,185
776,519
776,253
776,366
776,717
776,728
776,509
776,436
776,129
776,140
776,334
776,343
776,450
776,621
776,757
776,178
776,641
776,657
777,606
777,311
777,21
777,93
777,505
777,565
777,752
777,395
777,405
778,26
778,600
778,555
779,418
779,682
780,624
780,203
780,462
780,791
780,386
781,458
781,32
781,33
781,762
781,764
781,131
781,383
781,262
782,438
782,38
782,9
782,12
782,24
782,528
782,538
782,397
782,572
782,73
783,731
783,620
783,351
783,231
783,246
783,553
783,759
783,794
783,367
783,95
784,741
784,110
784,117
784,226
784,452
784,406
784,659
785,54
785,601
785,677
785,424
785,130
785,138
785,625
785,250
785,482
785,493
785,736
785,772
785,273
785,276
785,187
786,18
786,27
786,29
786,215
786,758
786,62
786,124
786,134
786,675
786,287
786,548
786,649
786,378
786,161
786,191
787,734
787,37
787,41
787,588
787,617
787,631
787,442
787,127
787,323
787,453
787,465
787,510
787,523
787,536
787,774
787,318
788,224
788,43
788,490
788,467
788,132
788,119
788,217
788,686
788,371
788,265
788,291
788,666
789,58
789,63
789,345
789,103
789,126
789,434
789,225
789,459
789,473
789,396
789,13
789,172
790,729
790,483
790,500
790,676
790,614
790,622
790,546
790,570
790,363
791,445
791,707
791,470
791,472
791,476
791,547
791,136
791,358
791,296
791,176
792,540
792,227
792,773
792,430
792,320
792,328
792,608
792,292
792,356
792,368
792,647
792,179
793,629
793,584
793,105
793,107
793,753
793,688
793,651
793,768
794,244
794,247
794,3
794,11
794,488
794,34
794,155
794,159
794,290
794,426
795,201
795,17
795,49
795,771
795,635
795,308
795,313
795,382
795,417
796,599
796,542
796,145
796,70
796,361
797,151
797,51
797,749
797,695
797,721
797,560
797,564
797,525
797,90
797,662
798,212
798,223
798,487
798,288
798,96
798,74
798,543
798,605
798,636
798,286
798,544
799,689
799,516
799,557
799,573
800,449
800,97
800,362
800,310
800,272
800,658
801,432
801,694
801,697
801,559
801,716
801,245
801,799
801,643
802,587
802,723
802,725
802,733
802,123
802,474
802,392
802,739
802,89
802,567
802,645
803,456
803,684
803,42
803,742
803,365
803,520
803,160
803,667
804,720
804,408
804,302
804,257
805,594
805,724
805,128
805,786
806,198
806,498
806,322
806,552
807,1
807,712
807,398
807,561
807,234
807,85
807,270
808,526
808,325
808,211
808,219
808,266
809,307
809,228
809,475
809,377
810,690
810,491
810,706
810,515
810,157
810,778
810,284
810,376
811,735
811,506
811,580
811,79
812,797
812,40
813,428
813,101
813,713
813,221
813,404
814,2
814,710
814,295
814,374
814,169
814,656
815,255
815,116
815,673
815,357
815,360
815,384
815,413
815,730
815,463
816,147
816,349
816,496
816,529
816,410
817,630
817,39
817,703
817,477
817,263
818,603
818,5
818,238
818,619
818,340
818,342
818,660
819,60
820,480
820,579
820,218
821,14
821,36
821,301
821,317
821,702
822,696
822,65
822,571
822,189
823,497
823,48
823,232
823,275
823,575
824,207
824,766
824,84
825,770
826,533
826,249
826,98
826,700
826,566
827,719
827,235
827,304
827,574
828,789
828,120
828,394
828,633
829,592
830,738
830,494
830,118
831,375
831,379
831,315
831,319
831,4
831,30
831,743
832,46
832,52
832,55
832,692
832,795
832,144
832,669
832,171
833,513
833,539
833,679
833,747
833,790
833,67
833,665
834,590
834,23
834,216
834,420
834,514
834,237
834,393
834,783
834,352
835,615
835,388
835,115
835,777
835,644
836,704
836,61
836,137
836,436
836,114
836,598
836,530
836,0
836,269
837,329
837,330
837,283
837,531
837,532
837,663
837,199
838,444
838,297
838,316
838,522
838,333
838,150
838,158
838,787
838,359
838,370
838,761
839,113
839,674
839,25
839,260
839,648
840,518
840,604
840,429
840,691
840,405
841,421
841,66
841,82
841,699
841,563
841,415
842,293
842,521
842,479
842,638
842,646
842,168
842,174
843,122
843,701
843,457
843,754
843,759
843,278
843,652
844,83
844,791
844,685
844,686
844,200
844,391
845,148
845,56
845,63
845,618
845,10
845,341
845,752
846,6
846,19
846,492
846,503
846,33
846,35
846,467
846,469
846,409
846,760
846,705
846,715
846,726
846,185
847,143
847,327
847,628
847,383
847,793
847,577
847,170
848,772
848,746
848,762
848,202
848,464
848,472
848,353
848,78
848,336
848,233
848,259
849,595
849,203
849,536
849,265
849,403
849,411
849,785
850,507
850,291
850,749
850,354
850,178
851,627
851,637
851,639
851,326
851,346
851,44
851,109
851,524
851,254
851,159
851,459
851,95
852,765
852,535
852,796
852,138
852,634
852,641
853,589
853,607
853,442
853,337
853,99
853,27
853,640
853,668
854,769
854,784
854,424
854,433
854,140
855,682
855,622
855,744
855,508
855,215
855,252
855,93
855,21
855,31
855,285
855,655
856,141
856,149
856,231
856,502
856,367
856,332
856,350
857,578
857,582
857,298
857,426
857,438
857,740
857,757
857,689
857,373
857,71
857,86
857,274
858,12
858,20
858,528
858,59
858,323
858,339
858,343
858,146
858,568
858,276
858,287
858,661
859,328
859,335
859,213
859,512
859,711
859,688
859,312
859,649
860,708
860,732
860,58
860,461
860,431
860,192
860,191
861,493
861,448
861,105
861,253
861,368
861,412
861,651
862,103
862,124
862,736
862,313
862,727
862,224
862,561
862,647
862,163
863,484
863,485
863,486
863,490
863,72
863,371
863,423
863,600
863,601
863,134
863,299
863,123
863,662
864,721
864,37
864,57
864,347
864,351
864,551
864,262
864,277
864,776
864,94
864,398
864,767
864,364
865,606
865,18
865,22
865,418
865,110
865,462
865,478
865,610
865,625
865,748
865,729
865,243
865,366
865,389
866,246
866,75
866,782
866,667
867,427
867,288
867,395
867,558
867,567
867,753
867,756
867,654
868,621
868,244
868,49
868,473
868,376
868,272
868,408
868,308
869,447
869,345
870,219
870,128
870,498
870,334
870,548
870,573
871,344
871,588
871,416
871,400
871,402
871,97
871,162
871,642
872,581
872,441
872,739
872,764
872,54
872,517
872,542
872,720
872,28
873,417
873,69
873,104
873,153
873,741
873,474
873,794
873,273
873,282
874,593
874,717
874,731
874,432
874,466
874,62
874,399
875,636
875,76
875,156
875,544
875,106
876,716
876,434
876,342
876,348
876,9
876,541
876,221
876,745
876,89
876,360
876,369
876,257
876,164
877,430
877,439
877,390
877,526
877,132
877,175
877,222
878,196
878,534
878,543
878,26
878,584
878,771
878,786
879,587
879,225
879,236
879,271
879,645
880,602
880,41
880,572
880,768
880,500
880,275
880,684
880,29
881,576
881,723
881,289
881,465
881,672
881,482
881,488
881,384
882,710
882,131
882,358
882,362
882,635
882,172
883,325
883,32
883,2
883,523
883,538
883,401
883,656
884,39
884,491
884,773
884,781
884,790
884,676
884,234
884,617
884,555
884,428
884,443
885,620
885,603
885,605
885,17
885,310
885,318
885,118
885,374
885,552
885,509
886,677
886,487
886,239
886,151
886,302
886,304
886,564
886,378
887,619
887,630
887,127
887,445
887,734
887,504
887,136
887,157
887,14
887,160
888,675
888,694
888,365
888,205
888,608
888,179
888,189
888,385
888,386
888,292
888,307
889,290
889,497
889,533
889,476
890,616
890,206
890,255
890,301
890,306
890,338
890,471
890,766
890,81
891,43
891,152
891,227
891,96
891,311
891,161
891,659
892,724
892,695
892,121
892,85
892,258
892,382
892,643
893,692
893,539
894,1
894,515
894,673
894,777
894,379
894,70
894,648
894,571
895,453
895,742
895,747
895,751
895,88
895,263
896,696
897,455
897,690
897,560
897,666
898,51
899,42
899,514
899,583
899,799
899,319
899,30
900,36
900,226
900,248
900,798
900,755
901,638
901,116
901,475
901,247
901,703
901,208
902,704
903,510
903,228
903,33
903,579
903,725
903,314
903,775
903,169
904,505
904,238
904,735
904,0
904,198
905,35
905,513
905,142
905,556
905,194
906,706
906,10
906,738
906,340
906,687
906,393
906,286
906,190
907,557
907,559
907,317
908,759
908,217
908,545
909,55
909,98
909,336
909,730
909,79
909,397
909,547
909,797
910,592
910,442
910,329
910,449
910,554
910,178
911,322
911,23
911,361
911,297
911,772
911,663
912,719
912,122
912,795
912,452
912,472
912,129
912,13
912,749
912,761
912,180
912,415
913,624
913,752
913,421
913,63
914,436
914,383
914,686
914,691
914,700
914,644
915,511
915,251
915,315
915,467
915,168
916,237
916,779
916,531
916,5
916,377
917,293
917,628
917,444
917,456
917,235
917,158
917,183
918,530
918,536
918,147
918,570
918,84
918,356
919,480
919,490
919,349
919,518
919,529
919,148
919,212
919,270
920,750
920,760
920,780
920,265
920,144
920,450
920,82
921,4
921,19
921,540
921,159
921,203
921,269
922,590
922,598
922,3
922,83
923,633
923,678
923,352
923,174
923,641
924,470
924,674
924,12
924,411
924,259
924,191
924,651
924,669
925,634
925,316
925,209
925,95
925,561
925,25
926,214
926,707
926,429
926,38
926,46
926,313
926,791
926,260
926,563
926,187
927,492
927,503
927,506
927,405
927,61
927,171
927,276
928,522
928,532
928,553
928,232
928,93
929,705
929,494
929,516
929,111
929,410
929,73
929,549
929,185
929,215
929,223
930,249
930,114
930,59
930,341
930,294
930,296
930,622
930,391
930,281
930,662
931,388
931,398
931,787
931,661
932,754
932,103
932,119
932,78
932,375
933,342
933,291
933,146
933,774
933,548
933,284
934,741
934,464
934,354
935,607
935,753
935,150
935,101
935,107
935,221
935,74
935,6
935,257
935,277
936,371
936,328
936,573
937,582
937,426
937,16
937,21
937,332
937,739
937,625
937,192
937,141
937,649
937,408
938,578
938,718
938,726
938,416
939,611
939,615
939,498
939,400
939,647
940,66
940,323
940,334
940,627
940,207
940,218
940,275
940,368
940,462
941,60
941,288
941,308
941,360
941,519
941,660
942,140
942,124
942,740
942,526
942,685
942,655
942,656
942,668
942,166
943,485
943,433
943,138
943,468
943,790
943,262
944,253
944,601
944,376
944,123
944,477
944,343
944,412
944,748
945,447
945,105
945,729
945,764
945,683
945,283
945,665
946,233
946,715
946,395
946,366
946,369
947,153
947,157
947,619
947,424
947,177
948,128
948,65
948,682
948,417
948,125
948,362
948,528
948,459
948,165
949,684
949,566
949,710
949,427
949,767
949,535
949,389
949,786
950,493
950,406
950,720
950,295
950,639
950,458
950,688
951,325
951,588
951,62
951,26
951,448
951,457
951,610
951,110
951,134
951,236
951,246
951,404
951,311
951,575
952,500
952,524
952,794
952,727
952,603
952,113
952,337
952,632
952,677
952,299
952,304
952,743
952,402
953,618
953,330
953,58
953,7
953,758
953,109
953,679
953,474
953,67
953,145
953,501
953,502
953,409
954,605
954,312
954,508
954,785
954,1
954,418
954,396
954,200
954,321
954,512
954,543
954,44
954,52
954,54
954,154
954,287
954,762
954,646
955,482
955,49
955,587
955,2
955,14
955,250
955,219
955,680
955,571
956,224
956,255
956,56
956,728
956,333
956,441
956,560
956,568
956,89
956,268
957,440
957,117
957,225
957,27
957,379
957,461
957,497
957,507
957,652
957,384
957,770
957,777
957,782
958,216
958,29
958,420
958,428
958,445
958,542
958,463
958,606
958,86
958,783
959,118
959,580
959,33
959,39
959,378
959,319
959,252
959,717
959,773
959,667
960,244
960,48
960,784
960,564
960,491
960,465
960,736
960,162
960,365
960,374
961,539
961,488
961,697
961,358
961,648
961,657
962,439
962,335
962,631
963,714
963,345
963,689
963,478
964,735
964,521
964,696
964,567
965,623
965,20
965,301
965,155
965,766
965,692
965,210
966,195
966,438
966,789
966,179
967,509
967,8
967,30
967,604
967,226
968,742
968,213
968,96
968,562
969,703
969,85
970,36
970,392
970,555
970,327
970,768
971,686
971,403
972,227
972,772
972,28
972,172
972,380
973,630
973,638
973,473
973,724
973,734
973,265
973,401
974,723
974,196
974,487
974,302
974,514
974,759
974,386
974,90
974,361
974,799
975,42
975,63
975,137
975,393
975,70
975,749
976,732
976,517
976,228
976,329
976,471
976,24
976,310
977,132
977,149
977,466
977,581
977,572
977,385
977,68
977,673
977,751
977,264
978,22
978,644
979,700
979,258
979,290
979,0
979,658
979,659
979,173
980,442
980,151
980,490
980,201
980,338
980,161
980,298
981,430
981,626
981,351
981,531
981,475
982,709
982,274
982,178
982,645
983,725
983,608
983,122
983,515
983,771
984,243
984,37
984,425
984,693
984,159
984,293
985,513
985,559
985,455
985,666
986,203
986,510
986,436
986,472
986,263
987,537
987,397
987,602
987,687
987,12
988,584
988,598
988,306
989,434
989,19
989,317
989,104
989,120
989,247
989,750
989,326
989,558
989,796
989,175
990,198
990,307
990,467
991,221
991,99
991,303
991,769
991,544
992,35
992,533
992,691
992,156
993,421
993,346
993,55
993,557
994,229
994,11
994,590
994,342
994,377
994,534
994,791
994,798
994,176
995,34
995,760
995,285
995,168
996,235
996,721
996,270
996,399
996,313
996,635
996,79
997,46
997,51
997,592
997,716
997,254
997,359
997,197
997,259
998,577
998,31
998,57
998,707
998,541
998,69
998,640
999,492
999,23
999,453
999,536
999,747
999,297
999,388
999,408
999,775
1000,593
1000,752
1000,498
1000,523
1000,526
1000,251
1000,100
1000,350
1000,413
1000,669
1000,188
